순위,브랜드명,의류명,링크,품번,성별,조회수,누적판매량(1년),좋아요
1위,커버낫,에센셜 쿨 코튼 2-PACK 티셔츠,https://www.musinsa.com/app/goods/1848166?loc=goods_rank,CO0000STE1BK,남 여,58.3만 회 이상,12만 개 이상,"108,081"
2위,라퍼지스토어,시티보이 빅오버 옥스포드 반팔 셔츠_Sky Blue,https://www.musinsa.com/app/goods/1935180?loc=goods_rank,m1037_685377,남,33.6만 회 이상,4.8만 개 이상,"51,328"
3위,수아레,[리뉴얼 ver.] 린넨 카라 하프 니트 - 8 COLOR,https://www.musinsa.com/app/goods/1954316?loc=goods_rank,1084865,남,32.6만 회 이상,1.7만 개 이상,"21,415"
4위,잇자바이브,[IBB22UT08WH] I LOVE CAT RED LETTEING T-SHIRTS WHITE,https://www.musinsa.com/app/goods/2532348?loc=goods_rank,IBB22UT08WH,여,600회 이상,,153
5위,라퍼지스토어,시티보이 빅오버 옥스포드 셔츠_Royal Blue,https://www.musinsa.com/app/goods/2024232?loc=goods_rank,m1037_685523,남,63.5만 회 이상,3.7만 개 이상,"49,845"
6위,예일,(22SS) 2 TONE ARCH TEE WHITE,https://www.musinsa.com/app/goods/1841764?loc=goods_rank,YC2SS0041WH,남 여,25.4만 회 이상,1.9만 개 이상,"36,459"
7위,마르디 메크르디,TSHIRT FLOWERMARDI_IVORY NAVY,https://www.musinsa.com/app/goods/2453556?loc=goods_rank,430770,여,23만 회 이상,1.4만 개 이상,"36,370"
8위,마르디 메크르디,TSHIRT FLOWERMARDI_WHITE GREEN,https://www.musinsa.com/app/goods/1503352?loc=goods_rank,MM20TS015,여,35.6만 회 이상,2.3만 개 이상,"55,272"
9위,폴로 랄프 로렌,커스텀 핏 리넨 셔츠 - 화이트,https://www.musinsa.com/app/goods/2406911?loc=goods_rank,MNPOWOV16820261-100,남,5.1만 회 이상,400개 이상,"2,391"
10위,리,빅 트위치 로고 티셔츠 화이트,https://www.musinsa.com/app/goods/903340?loc=goods_rank,LE2202ST01WH,남,17.8만 회 이상,6.3만 개 이상,"95,153"
11위,지오다노,011502 폴로 피케 반팔티,https://www.musinsa.com/app/goods/1871984?loc=goods_rank,011502,남,18.9만 회 이상,6.7만 개 이상,"19,817"
12위,아노블리어,루즈핏 오픈카라 텐셀 린넨 셔츠 [네이비],https://www.musinsa.com/app/goods/1008043?loc=goods_rank,AES009A15LON,남,11.2만 회 이상,2.3만 개 이상,"33,257"
13위,메종미네드,MIXED BOUCLE KNIT HALF SLEEVE BLACK,https://www.musinsa.com/app/goods/1821755?loc=goods_rank,FMPMCTR109M,남,4.8만 회 이상,2.9천 개 이상,"7,572"
14위,팔렛,듀스 네로 반팔티 화이트,https://www.musinsa.com/app/goods/2368712?loc=goods_rank,FA2202ST28WH,남 여,13.7만 회 이상,4.7천 개 이상,"25,903"
15위,폴로 랄프 로렌,커스텀 슬림핏 메시 폴로 셔츠 - 핑크,https://www.musinsa.com/app/goods/1848792?loc=goods_rank,MNPOKNI1N820336-650,남,600회 이상,50개 미만,72
16위,비바스튜디오,BLACK CAT TEE [WHITE],https://www.musinsa.com/app/goods/2329824?loc=goods_rank,LSVT100,남,16.6만 회 이상,1.1만 개 이상,"40,515"
17위,이스트쿤스트,다운타우너_파라솔 베어즈 티셔츠 화이트(IK2CMMT521B),https://www.musinsa.com/app/goods/2525550?loc=goods_rank,IK2CMMT521BWH,남 여,2.1천 회 이상,50개 미만,171
18위,어나더 오피스,22SS Writer Shirt (Dove Gray),https://www.musinsa.com/app/goods/2553732?loc=goods_rank,AOCMSH007LG,남,6.6천 회 이상,100개 이상,249
19위,폴로 랄프 로렌,커스텀 핏 리넨 셔츠 - 네이비,https://www.musinsa.com/app/goods/2406910?loc=goods_rank,MNPOWOV16820258-410,남,1.7만 회 이상,200개 이상,967
20위,아노블리어,루즈핏 오픈카라 텐셀 린넨 셔츠 [오트밀],https://www.musinsa.com/app/goods/1008039?loc=goods_rank,AES009A11LON,남,3.3만 회 이상,7.9천 개 이상,"15,018"
21위,아웃스탠딩,V.O.C TEE (OLYMPIA)_WHITE,https://www.musinsa.com/app/goods/1882396?loc=goods_rank,21SS_TOP_062,남,6.2만 회 이상,1.2만 개 이상,"16,211"
22위,라퍼지스토어,시티보이 빅오버 옥스포드 셔츠_Neutral Gray,https://www.musinsa.com/app/goods/2024212?loc=goods_rank,m1037_685519,남,22만 회 이상,1.9만 개 이상,"24,060"
23위,예일,[ONEMILE WEAR] 2PACK SMALL ARCH TEE WHITE / BLACK,https://www.musinsa.com/app/goods/2442409?loc=goods_rank,YC1SS1021BK,남 여,22.7만 회 이상,1.6만 개 이상,"18,803"
24위,파르티멘토,[세트][선택] 스톤 워싱 데님 셋업 블루,https://www.musinsa.com/app/goods/2524570?loc=goods_rank,[SET][선택] Stone Washing Denim Set-Up Blue,남,20.7만 회 이상,3.5천 개 이상,"5,358"
25위,암피스트,DTRO+AFST W-Movie Club S/S Tee Vintage Black,https://www.musinsa.com/app/goods/2566634?loc=goods_rank,S Tee Vintage Black,남,5.3천 회 이상,200개 이상,382
26위,트래블,미시간 울버린 피그먼트  반팔티 블랙차콜,https://www.musinsa.com/app/goods/1884943?loc=goods_rank,TRTOASURS12UC5,남 여,32.3만 회 이상,6.2만 개 이상,"68,386"
27위,와릿이즌,스몰 사인로고 반팔 티셔츠 블랙,https://www.musinsa.com/app/goods/748056?loc=goods_rank,MG2200ST02BK,남 여,4.9만 회 이상,1만 개 이상,"25,415"
28위,라퍼지스토어,시티보이 빅오버 옥스포드 셔츠_Off White,https://www.musinsa.com/app/goods/2024234?loc=goods_rank,m1037_685524,남,12.7만 회 이상,1.3만 개 이상,"15,843"
29위,라퍼지스토어,시티보이 빅오버 옥스포드 반팔 셔츠_White,https://www.musinsa.com/app/goods/1935174?loc=goods_rank,m1037_685375,남,11.1만 회 이상,1.5만 개 이상,"15,565"
30위,페플,[패키지][페플] 스탠드 얼론 + 보드마스터 그래픽 티셔츠 2PACK ( JDST1315+JDST1358),https://www.musinsa.com/app/goods/1921901?loc=goods_rank,2125031,남,5.4만 회 이상,4.5천 개 이상,"7,366"
31위,예일,(22SS) EMBROIDERY UNIVERSITY DAN TEE WHITE,https://www.musinsa.com/app/goods/1886950?loc=goods_rank,YC2SS0031WH,남 여,8.2만 회 이상,5만 개 이상,"43,650"
32위,무신사 스탠다드,릴렉스 핏 크루 넥 반팔 티셔츠 2팩,https://www.musinsa.com/app/goods/2034137?loc=goods_rank,MMATE407,남,12.2만 회 이상,2.7만 개 이상,"10,403"
33위,와릿이즌,더블 엔젤 와펜 반팔 티셔츠 블랙,https://www.musinsa.com/app/goods/1845485?loc=goods_rank,MG2200ST06BK,남 여,4.1만 회 이상,2.3만 개 이상,"25,421"
34위,코드그라피,[SET] CGP 아치 로고 반팔 크루넥 셋업_멜란지그레이,https://www.musinsa.com/app/goods/2456003?loc=goods_rank,CBBU3TS110MGCBBU3PS160MG,남 여,10.8만 회 이상,2.5천 개 이상,"16,627"
35위,제멋,[패키지] 핀스 오버핏 카라 반팔티 2PACK YHST2354,https://www.musinsa.com/app/goods/1911516?loc=goods_rank,2122672,남,10.5만 회 이상,1.1만 개 이상,"14,548"
36위,폴로 랄프 로렌,커스텀 슬림핏 숏 슬리브 폴로 셔츠 - 화이트,https://www.musinsa.com/app/goods/2461377?loc=goods_rank,MNPOKNI1N821814-100,남,6.9천 회 이상,50개 이상,244
37위,예일,(22SS) 2 TONE ARCH TEE ROYAL BLUE,https://www.musinsa.com/app/goods/2471760?loc=goods_rank,YC2SS0041RB,남 여,5.5만 회 이상,3.1천 개 이상,"6,621"
38위,쿠어,2PACK 수피마 코튼 티셔츠,https://www.musinsa.com/app/goods/2479911?loc=goods_rank,CMN2TS01V-2PACK,남,15.1만 회 이상,4.5천 개 이상,"6,428"
39위,러브이즈트루,IN LOVE TEE(WHITE),https://www.musinsa.com/app/goods/1779737?loc=goods_rank,4377245,여,17.4만 회 이상,1.2만 개 이상,"48,907"
40위,아워스코프,Lozenge Half Knit (Green),https://www.musinsa.com/app/goods/2351775?loc=goods_rank,22SS_LHK_GR,남,6만 회 이상,1.3천 개 이상,"4,164"
41위,후아유,스티브 반팔 카라 티셔츠 [아이보리] WHHAC3714U,https://www.musinsa.com/app/goods/1882578?loc=goods_rank,WHHAC3714U,남,23.8만 회 이상,1.7만 개 이상,"24,900"
42위,무신사 스탠다드,[쿨탠다드] 릴렉스 핏 크루 넥 반팔 티셔츠 2팩,https://www.musinsa.com/app/goods/2035287?loc=goods_rank,MMATS404,남,7만 회 이상,1.1만 개 이상,"5,031"
43위,브라운브레스,TAG KP TEE - BLACK,https://www.musinsa.com/app/goods/2376229?loc=goods_rank,BHMMST001BK,남 여,12.1만 회 이상,9.1천 개 이상,"16,572"
44위,그루브라임,[패키지] 10TH ANNIVERSARY 3PACK T-SHIRTS EDITION,https://www.musinsa.com/app/goods/1860490?loc=goods_rank,"LRPMCTA411M, LRPMCTA412M, LRPMCTA413M",남,5.6만 회 이상,1.7만 개 이상,"15,995"
45위,예스아이씨,Racing 22 Tee White,https://www.musinsa.com/app/goods/2406942?loc=goods_rank,YES748,남,9.4만 회 이상,3.6천 개 이상,"12,188"
46위,트래블,액티비티 클럽 피그먼트 반팔티 크림,https://www.musinsa.com/app/goods/1899755?loc=goods_rank,TRTOSURS40UI4,남 여,16.5만 회 이상,1.1만 개 이상,"25,456"
47위,칼하트,포켓반팔티 K87 남여공용 기본티 반팔 모음 (사은품 증정),https://www.musinsa.com/app/goods/1236364?loc=goods_rank,12495352,남,20.1만 회 이상,1.4만 개 이상,"29,106"
48위,무신사 스탠다드,릴렉스 핏 크루 넥 반팔 티셔츠 [화이트],https://www.musinsa.com/app/goods/996177?loc=goods_rank,MITS0005-WH,남,13.2만 회 이상,13만 개 이상,"55,398"
49위,폴로 랄프 로렌,커스텀 슬림 라이딩 베어 폴로 - 그린,https://www.musinsa.com/app/goods/1498095?loc=goods_rank,MNPOKNI1N820602-300,남,300회 이상,,64
50위,메종 키츠네,22SS 더블 폭스 헤드 패치 남여공용 티셔츠 모음전 (MK-T1),https://www.musinsa.com/app/goods/2555124?loc=goods_rank,13815924,남,6천 회 이상,50개 미만,253
51위,엠엠엘지,[Mmlg] 19MG HF-T (WHITE),https://www.musinsa.com/app/goods/747950?loc=goods_rank,MMLGT123,남 여,10.7만 회 이상,1.4만 개 이상,"41,868"
52위,페플,[패키지] 더블코튼 무지반팔  패키지 KHST1011,https://www.musinsa.com/app/goods/345889?loc=goods_rank,565175,남,13.5만 회 이상,1.8만 개 이상,"14,258"
53위,와릿이즌,더블 엔젤 와펜 반팔 티셔츠 화이트,https://www.musinsa.com/app/goods/1845484?loc=goods_rank,MG2200ST06WH,남 여,2.2만 회 이상,1.4만 개 이상,"16,013"
54위,예스아이씨,C-Logo Tee White,https://www.musinsa.com/app/goods/2406930?loc=goods_rank,YES739,남,7.1만 회 이상,3.5천 개 이상,"10,677"
55위,암피스트,DTRO+AFST W-Swimming S/S Tee W-Melange Grey,https://www.musinsa.com/app/goods/2554032?loc=goods_rank,S Tee W-Melange Grey,남,1.9천 회 이상,50개 이상,189
56위,이벳필드,EBFD 베츠 반팔 티셔츠 블루,https://www.musinsa.com/app/goods/1846930?loc=goods_rank,EB2102ST01BL,남 여,11.4만 회 이상,2.1만 개 이상,"37,184"
57위,더블유브이프로젝트,[22SS] [패키지] 레코드 반팔티셔츠 + 픽시 반팔티셔츠 2PACK (MJST7584+MJST7583),https://www.musinsa.com/app/goods/2501987?loc=goods_rank,2222829,남,5.2천 회 이상,200개 이상,303
58위,디스이즈네버댓,DSN-Logo Tee White,https://www.musinsa.com/app/goods/2398381?loc=goods_rank,TN221TTSST01WH,남 여,11.6만 회 이상,5.1천 개 이상,"14,038"
59위,폴로 랄프 로렌,커스텀 슬림핏 로고 저지 티셔츠 - 화이트,https://www.musinsa.com/app/goods/2461386?loc=goods_rank,MNPOTSH1N821343-100,남,7.3천 회 이상,50개 이상,263
60위,캘빈클라인 진,여 J218885 YAF 화이트 스트레이트핏 모노그램 로고 반팔 티셔츠,https://www.musinsa.com/app/goods/1763123?loc=goods_rank,J218885 YAF,여,9.9만 회 이상,3.6천 개 이상,"26,526"
61위,소버먼트,cut-heavy PIGMENT tshirts(CHARCOAL),https://www.musinsa.com/app/goods/1944612?loc=goods_rank,22summer-PT-03,남,2.8만 회 이상,3.4천 개 이상,"3,664"
62위,스파오,(우디) 자수 폴로카라 반팔 티셔츠_SPHWC24C04,https://www.musinsa.com/app/goods/2391263?loc=goods_rank,SPHWC24C04,남,9.6만 회 이상,6.5천 개 이상,"6,785"
63위,카멜워크,카멜 파크 반팔티셔츠(딥그린),https://www.musinsa.com/app/goods/1816729?loc=goods_rank,34-52-0047,남,6.6만 회 이상,1만 개 이상,"10,720"
64위,리,빅 트위치 로고 티셔츠 블랙,https://www.musinsa.com/app/goods/1793420?loc=goods_rank,LE2202ST01BK,남 여,5.8만 회 이상,2.4만 개 이상,"36,583"
65위,스파오,오버핏 옥스포드 셔츠_SPYWC12C02,https://www.musinsa.com/app/goods/2272830?loc=goods_rank,SPYWC49C01,남,18.1만 회 이상,3.8만 개 이상,"30,738"
66위,코드그라피,[SET] CGP 심플 로고 반팔 크루넥 셋업_오트밀,https://www.musinsa.com/app/goods/2457846?loc=goods_rank,CBBU3TS100OTCBBU3PS150OT,남 여,4.3만 회 이상,1천 개 이상,"6,865"
67위,구아,ANDREW COTTON SHIRT [CREAM],https://www.musinsa.com/app/goods/2532922?loc=goods_rank,GOOA2208M,남,,,5
68위,쿠어,숏 슬리브 스카시 폴로셔츠 (다크네이비),https://www.musinsa.com/app/goods/2483109?loc=goods_rank,CXC3KT03K-DNV,남,3.9천 회 이상,,142
69위,폴로 랄프 로렌,커스텀핏 클래식 옥스포드 셔츠  - 화이트,https://www.musinsa.com/app/goods/2406919?loc=goods_rank,MNPOWOV16822326-100,남,2.6만 회 이상,200개 이상,"1,036"
70위,예스아이씨,Racing 22 Tee Black,https://www.musinsa.com/app/goods/2406940?loc=goods_rank,YES747,남,5.8만 회 이상,2.4천 개 이상,"8,448"
71위,유니스디자인,서핀 백 프린트 티 셔츠_네이비,https://www.musinsa.com/app/goods/1051406?loc=goods_rank,UNSD,남 여,3.7만 회 이상,1.2만 개 이상,"25,019"
72위,예스아이씨,C-Logo Tee Black,https://www.musinsa.com/app/goods/2406929?loc=goods_rank,YES738,남,4.5만 회 이상,2.7천 개 이상,"6,393"
73위,밈더워드로브,블루 UV 부케 티셔츠,https://www.musinsa.com/app/goods/2485181?loc=goods_rank,MW221RT2BK,남,3.1만 회 이상,900개 이상,"2,124"
74위,스컬프터,Kitten Boxy Tee [WHITE],https://www.musinsa.com/app/goods/1450203?loc=goods_rank,Kitten Boxy Tee [WHITE],여,6.2만 회 이상,2.7천 개 이상,"15,625"
75위,마르디 메크르디,TSHIRT FLOWERMARDI_WHITE VIOLET,https://www.musinsa.com/app/goods/1782647?loc=goods_rank,MM21-MU049,여,7.4만 회 이상,5.5천 개 이상,"13,785"
76위,프레드페리,[Reissues] RI 크루넥 피케 티셔츠 (F79) AFPM2210007-F79,https://www.musinsa.com/app/goods/2533247?loc=goods_rank,AFPM2210007-F79,남,800회 이상,,39
77위,몽클레어,남성 로고 반팔 카라 티셔츠 8A00010 84556 999 BLACK,https://www.musinsa.com/app/goods/2570866?loc=goods_rank,8A00010,남,,,4
78위,마르디 메크르디,TSHIRT DDANJI_IVORY,https://www.musinsa.com/app/goods/1782641?loc=goods_rank,MM21-MU043,여,5.7만 회 이상,5.7천 개 이상,"11,109"
79위,나이키,(CJ4457) NSW 매치업 폴로 반팔티,https://www.musinsa.com/app/goods/2570085?loc=goods_rank,CJ4457,남,1.9천 회 이상,50개 미만,271
80위,브라운브레스,PAISLEY TAG TEE - WHITE,https://www.musinsa.com/app/goods/2376224?loc=goods_rank,BHMMST002WT,남 여,3.4만 회 이상,2.4천 개 이상,"6,516"
81위,캘빈클라인 진,남 J320770 BEH 블랙 클래식 모노그램 로고 반팔 티셔츠,https://www.musinsa.com/app/goods/1763214?loc=goods_rank,J320770 BEH,남,2.3만 회 이상,1.6천 개 이상,"4,431"
82위,와릿이즌,스몰 사인로고 반팔 티셔츠  화이트,https://www.musinsa.com/app/goods/748060?loc=goods_rank,MG2200ST02WH,남 여,3.1만 회 이상,7.4천 개 이상,"20,026"
83위,드로우핏,에어리 집업 카라 반팔 니트 [BLACK],https://www.musinsa.com/app/goods/2499378?loc=goods_rank,DFKN2205BK,남,3.2만 회 이상,900개 이상,"2,685"
84위,프렌다,PRDA DENIM PATCH CREWNECK TEE WHITE,https://www.musinsa.com/app/goods/2462040?loc=goods_rank,PRTTSURS03WC2,여,14.1만 회 이상,3.7천 개 이상,"16,990"
85위,그리쉬,시그니쳐 로고 티셔츠 화이트,https://www.musinsa.com/app/goods/1876563?loc=goods_rank,GS-G15,남,4.4만 회 이상,5.5천 개 이상,"9,152"
86위,그루브라임,[패키지] NYC LOCATION T-SHIRT (16COLOR) [LRQMCTA401M],https://www.musinsa.com/app/goods/1420730?loc=goods_rank,LRQMCTA401M,남 여,13.1만 회 이상,7.3만 개 이상,"71,510"
87위,폴로 랄프 로렌,케이블 니트 슬리브리스 스웨터 - 화이트,https://www.musinsa.com/app/goods/2457469?loc=goods_rank,WMPOSWENC020376-100,여,1.6만 회 이상,200개 이상,758
88위,폴로 랄프 로렌,커스텀핏 스트라이프 리넨 셔츠 - 핑크,https://www.musinsa.com/app/goods/1888222?loc=goods_rank,MNPOWOV16821329-999,남,900회 이상,50개 미만,132
89위,아웃스탠딩,LIFE IS TEE_SURF RIDE TEE_CHARCOAL,https://www.musinsa.com/app/goods/2540678?loc=goods_rank,OSTD246,남,5.7만 회 이상,2천 개 이상,"3,221"
90위,앤더슨벨,스퀘어 타이포그래피 티셔츠 atb693u(WHITE),https://www.musinsa.com/app/goods/2523934?loc=goods_rank,A22SSTBU693_WH,남,1만 회 이상,100개 이상,498
